Бренд;Название;Цена после скидки;Цена до скидки;Рейтинг;Оценки;Артикул;Ссылка
ЛАС ИГРАС;"Фанты ""Кто Я?"", 20 карточек";80,0;164,0;4,8;104;14087036;https://www.wildberries.ru/catalog/14087036/detail.aspx?targetUrl=SP
Умелец я;Крестики нолики Настольная игра, цвет МИКС;89,0;116,0;4,5;1903;217261517;https://www.wildberries.ru/catalog/217261517/detail.aspx?targetUrl=SP
Гелий;"Настольная игра-ходилка ""Магический лес""";104,0;299,0;4,9;552;204616783;https://www.wildberries.ru/catalog/204616783/detail.aspx?targetUrl=SP
ЛАС ИГРАС;"Настольная игра ""Играют все""";118,0;241,0;4,8;927;14087032;https://www.wildberries.ru/catalog/14087032/detail.aspx?targetUrl=SP
ЛАС ИГРАС;Настольная подвижная игра «День рождения», фанты;128,0;247,0;5,0;1;313294444;https://www.wildberries.ru/catalog/313294444/detail.aspx?targetUrl=SP
ЛАС ИГРАС;Настольная игра Улётный космос для детей;148,0;322,0;4,8;35;165119106;https://www.wildberries.ru/catalog/165119106/detail.aspx?targetUrl=SP
ЛАС ИГРАС;Настольная игра Доббль зверята;150,0;358,0;4,9;4829;14087154;https://www.wildberries.ru/catalog/14087154/detail.aspx?targetUrl=SP
ЛАС ИГРАС;"Настольная игра для детей ""Дуббль Слова""";150,0;358,0;4,8;4829;14087155;https://www.wildberries.ru/catalog/14087155/detail.aspx?targetUrl=SP
ALVISTAGO;Настольная игра крестики - нолики деревянные;150,0;790,0;4,9;3259;208226139;https://www.wildberries.ru/catalog/208226139/detail.aspx?targetUrl=SP
;Настольная карточная игра уно;151,0;560,0;4,7;37;309913942;https://www.wildberries.ru/catalog/309913942/detail.aspx?targetUrl=SP
Умные игры;Настольная игра детская ходилка Буба;152,0;190,0;4,9;2808;114882711;https://www.wildberries.ru/catalog/114882711/detail.aspx?targetUrl=SP
ЛАС ИГРАС;Логическая игра Нераскрытые дела. Таинственный незнакомец;153,0;178,0;5,0;43;225436014;https://www.wildberries.ru/catalog/225436014/detail.aspx?targetUrl=SP
ЛАС ИГРАС;"Логические игры ""Головоломки""";154,0;350,0;4,8;24;18965510;https://www.wildberries.ru/catalog/18965510/detail.aspx?targetUrl=SP
Умные ребята;Карточные настольные игры уно, карты Uno;157,0;403,0;4,6;6071;200353591;https://www.wildberries.ru/catalog/200353591/detail.aspx?targetUrl=SP
Умные ребята;Настольная игра детская крестики-нолики;167,0;334,0;4,8;6071;200359512;https://www.wildberries.ru/catalog/200359512/detail.aspx?targetUrl=SP
ЛАС ИГРАС;Настольная игра на реакцию и внимание «Дуббль. Слова»;168,0;400,0;4,8;29;279380472;https://www.wildberries.ru/catalog/279380472/detail.aspx?targetUrl=SP
ЛАС ИГРАС;"Настольная игра в слова ""Попробуй объясни"" компактная версия";177,0;403,0;4,9;375;8143651;https://www.wildberries.ru/catalog/8143651/detail.aspx?targetUrl=SP
Умные игры;Настольная игра для девочек Домино детское;177,0;394,0;4,8;3818;156401805;https://www.wildberries.ru/catalog/156401805/detail.aspx?targetUrl=SP
;Гонги игра корейская;178,0;660,0;4,6;501;321602411;https://www.wildberries.ru/catalog/321602411/detail.aspx?targetUrl=SP
ЛАС ИГРАС;Настольная игра ЛогикУм головоломка для детей;180,0;487,0;4,8;7920;13672294;https://www.wildberries.ru/catalog/13672294/detail.aspx?targetUrl=SP
ЛАС ИГРАС;Развивающая Настольная игра Стульчики На 4 ногах 18шт;189,0;450,0;4,9;39180;14026434;https://www.wildberries.ru/catalog/14026434/detail.aspx?targetUrl=SP
Мастерская Волшебный лес;Крестики Нолики головоломка игры в дорогу для всей семьи;192,0;663,0;4,9;13685;93385334;https://www.wildberries.ru/catalog/93385334/detail.aspx?targetUrl=SP
AlexGames;Игра настольная уно;193,0;1615,0;4,8;10225;31071277;https://www.wildberries.ru/catalog/31071277/detail.aspx?targetUrl=SP
;Гонги Корейская Игра из сериала Игра в кальмара 2 Squid game;197,0;790,0;4,8;1652;327087298;https://www.wildberries.ru/catalog/327087298/detail.aspx?targetUrl=SP
ЛАС ИГРАС;Настольная игра на логику Пятнашки в ряд, Мини-версия;199,0;398,0;4,8;3319;14026399;https://www.wildberries.ru/catalog/14026399/detail.aspx?targetUrl=SP
ЛАС ИГРАС;Настольная игра для детей Повторяй за мной;199,0;453,0;4,9;2443;18964381;https://www.wildberries.ru/catalog/18964381/detail.aspx?targetUrl=SP
Hobby World;Настольная карточная игра Мемо Зверята;204,0;238,0;4,9;1;238351762;https://www.wildberries.ru/catalog/238351762/detail.aspx?targetUrl=SP
Умные игры;Настольная игра для детей Домино Суперщенки;212,0;416,0;4,9;3818;174192049;https://www.wildberries.ru/catalog/174192049/detail.aspx?targetUrl=SP
Умные игры;Военная настольная игра дубль карточная;214,0;488,0;4,4;1484;139713532;https://www.wildberries.ru/catalog/139713532/detail.aspx?targetUrl=SP
ИГРОЛЕНД;"Настольная игра ""Падающая башня"", Дженга";220,0;451,0;4,6;5919;103494600;https://www.wildberries.ru/catalog/103494600/detail.aspx?targetUrl=SP
Умные игры;Настольная игра для детей ходилка Мешок яблок В.Сутеев;228,0;487,0;4,9;1291;156401729;https://www.wildberries.ru/catalog/156401729/detail.aspx?targetUrl=SP
Hatber;Игра Домино для детей 28 карточек Мои игрушки_Половинки;230,0;502,0;4,8;209;248055924;https://www.wildberries.ru/catalog/248055924/detail.aspx?targetUrl=SP
Умные игры;Настольная игра ходилка для компании детей Супер щенки;231,0;482,0;4,6;543;174192060;https://www.wildberries.ru/catalog/174192060/detail.aspx?targetUrl=SP
Десятое королевство;"Настольная игра ходилка бродилка ""Карта сокровищ""";236,0;370,0;4,9;16391;12249498;https://www.wildberries.ru/catalog/12249498/detail.aspx?targetUrl=SP
ЛАС ИГРАС;Книги развивающие с играми для детей;238,0;468,0;4,8;87;279380474;https://www.wildberries.ru/catalog/279380474/detail.aspx?targetUrl=SP
Умные игры;Настольная игра домино детское Простоквашино;240,0;430,0;4,9;3818;156357794;https://www.wildberries.ru/catalog/156357794/detail.aspx?targetUrl=SP
ЛАС ИГРАС;Настольная падающая башня Дженга Kids для малышей;240,0;511,0;4,5;1242;42311882;https://www.wildberries.ru/catalog/42311882/detail.aspx?targetUrl=SP
Hatber;Игра Домино для детей 28 карточек -Фрукты-;241,0;504,0;4,9;209;210198689;https://www.wildberries.ru/catalog/210198689/detail.aspx?targetUrl=SP
EleAle;Настольная игра UNO игральные карты 108 шт;241,0;1512,0;4,9;632;308303181;https://www.wildberries.ru/catalog/308303181/detail.aspx?targetUrl=SP
Hatber;Игра-мемо 36 карточек -Следы животных-;245,0;490,0;5,0;761;328127402;https://www.wildberries.ru/catalog/328127402/detail.aspx?targetUrl=SP
Hatber;Игра-мемо 36 карточек -Где Чей Узор-;245,0;490,0;5,0;761;328126095;https://www.wildberries.ru/catalog/328126095/detail.aspx?targetUrl=SP
Hatber;Игра-мемо 36 карточек 36 карточек -Дорожные знаки-;245,0;490,0;5,0;761;328142775;https://www.wildberries.ru/catalog/328142775/detail.aspx?targetUrl=SP
Hatber;Игра-мемо 36 карточек -Автомобили-;245,0;490,0;0,0;761;328120510;https://www.wildberries.ru/catalog/328120510/detail.aspx?targetUrl=SP
Hatber;Игра-мемо 36 карточек 36 карточек -Фрукты и Овощи-;245,0;490,0;0,0;761;328129598;https://www.wildberries.ru/catalog/328129598/detail.aspx?targetUrl=SP
Умные игры;Настольные игры ходилки 4 в 1 для компании Военная операция;251,0;571,0;4,6;693;156401801;https://www.wildberries.ru/catalog/156401801/detail.aspx?targetUrl=SP
Умные игры;Настольная игра для детей карточная Дубль Чебурашка;252,0;496,0;4,3;1267;175913430;https://www.wildberries.ru/catalog/175913430/detail.aspx?targetUrl=SP
Умные игры;Настольная игра для детей ходилка Мимимишки квест;252,0;588,0;4,9;1044;164308376;https://www.wildberries.ru/catalog/164308376/detail.aspx?targetUrl=SP
;Настольная игра для детей и взрослых Взрывные котята;252,0;450,0;4,6;69;330527486;https://www.wildberries.ru/catalog/330527486/detail.aspx?targetUrl=SP
Город Игр;Игра Настольная Опасная Зубастик Собака;258,0;1990,0;4,6;7134;8911717;https://www.wildberries.ru/catalog/8911717/detail.aspx?targetUrl=SP
Play-Город;Настольная игра UNO игральные карты 108 шт;265,0;1770,0;4,8;42759;136436657;https://www.wildberries.ru/catalog/136436657/detail.aspx?targetUrl=SP
Умные игры;Настольные игры для детей и всей семьи Мемо Супергерои;265,0;465,0;4,6;2014;156401737;https://www.wildberries.ru/catalog/156401737/detail.aspx?targetUrl=SP
Hatber;Игра настольная Домино для детей 28 карточек -Буба-;266,0;566,0;4,9;209;210192026;https://www.wildberries.ru/catalog/210192026/detail.aspx?targetUrl=SP
Умные игры;Настольная игра для детей Мемо Суперщенки;266,0;468,0;4,8;2014;156401748;https://www.wildberries.ru/catalog/156401748/detail.aspx?targetUrl=SP
Умные игры;Настольная игра для детей Мемо Лесные животные;266,0;493,0;4,6;3946;164308304;https://www.wildberries.ru/catalog/164308304/detail.aspx?targetUrl=SP
ЛАС ИГРАС;Настольная игра Чья льдина крепче Мини-версия;270,0;602,0;4,5;6005;14026407;https://www.wildberries.ru/catalog/14026407/detail.aspx?targetUrl=SP
ЛАС ИГРАС;Настольная игра для детей Балансинг мини;270,0;700,0;4,9;1064;14026381;https://www.wildberries.ru/catalog/14026381/detail.aspx?targetUrl=SP
ЛАС ИГРАС;Настольная игра Мемори Новогодняя Нажимай-запоминай;270,0;602,0;4,8;7880;13121515;https://www.wildberries.ru/catalog/13121515/detail.aspx?targetUrl=SP
Умнейкино;Развивающая игра Эмоции;270,0;1001,0;4,9;561;250658849;https://www.wildberries.ru/catalog/250658849/detail.aspx?targetUrl=SP
Десятое королевствo;Развивающая настольная игра для детей Прочти-забери;270,0;294,0;4,8;1296;208942254;https://www.wildberries.ru/catalog/208942254/detail.aspx?targetUrl=SP
ЛАС ИГРАС;Настольная игра на скорость с загубниками Мой сосед-логопед;271,0;615,0;4,6;8939;14026455;https://www.wildberries.ru/catalog/14026455/detail.aspx?targetUrl=SP
ЛАС ИГРАС;Настольная игра на скорость Бубнилка для детей;271,0;628,0;4,6;8939;14341073;https://www.wildberries.ru/catalog/14341073/detail.aspx?targetUrl=SP
ЛАС ИГРАС;Настольная игра на ловкость Весёлые лягушата;271,0;655,0;4,9;1413;14026482;https://www.wildberries.ru/catalog/14026482/detail.aspx?targetUrl=SP
ЛАС ИГРАС;Настольная детская игра для компании Крокодил;273,0;410,0;4,7;23619;8143657;https://www.wildberries.ru/catalog/8143657/detail.aspx?targetUrl=SP
IQ-ZABIAKA;"Развивающая игра для детей ""Магнитный жезл"", МИКС";274,0;744,0;4,2;1037;147273644;https://www.wildberries.ru/catalog/147273644/detail.aspx?targetUrl=SP
ЛАС ИГРАС;"Настольная карточная игра ""Мафия"" 18+";274,0;624,0;4,8;2127;13254021;https://www.wildberries.ru/catalog/13254021/detail.aspx?targetUrl=SP
LOLBOX;Нелопающиеся пузыри игра для дома и улицы;280,0;1169,0;4,4;23960;156914665;https://www.wildberries.ru/catalog/156914665/detail.aspx?targetUrl=SP
Hatber;Игра-мемо 36 карточек -Котята-;281,0;626,0;0,0;761;341661266;https://www.wildberries.ru/catalog/341661266/detail.aspx?targetUrl=SP
UNО;УНО Игра настольная карточная UNO;282,0;1880,0;4,8;47312;130154548;https://www.wildberries.ru/catalog/130154548/detail.aspx?targetUrl=SP
Формула Игр;Игра для детей Резиночка;286,0;601,0;5,0;9229;209648059;https://www.wildberries.ru/catalog/209648059/detail.aspx?targetUrl=SP
Hatber;Игра-ходилка 500х700 мм с кубиком и фишками;288,0;600,0;4,9;1115;12399325;https://www.wildberries.ru/catalog/12399325/detail.aspx?targetUrl=SP
Fami kids;Настольная развивающая игра для детей;288,0;800,0;4,6;503;210936475;https://www.wildberries.ru/catalog/210936475/detail.aspx?targetUrl=SP
Умные игры;Настольная игра для детей мемо Союзмультфильм;289,0;517,0;4,8;906;184121080;https://www.wildberries.ru/catalog/184121080/detail.aspx?targetUrl=SP
Ленпечати;Игра для детей. Флаги и страны;289,0;1037,0;4,9;361;164460915;https://www.wildberries.ru/catalog/164460915/detail.aspx?targetUrl=SP
Формула Игр;Игра для детей Резиночка;293,0;815,0;5,0;9229;154672410;https://www.wildberries.ru/catalog/154672410/detail.aspx?targetUrl=SP
DREAM MAKERS;Игра настольная для детей Не буди кота;293,0;932,0;4,9;3237;175417030;https://www.wildberries.ru/catalog/175417030/detail.aspx?targetUrl=SP
imPaper;Настольная карточная игра мафия;295,0;698,0;4,5;88;278940176;https://www.wildberries.ru/catalog/278940176/detail.aspx?targetUrl=SP
GAME_HUB;Настольная игра для компании Мафия;296,0;600,0;4,9;1648;270883906;https://www.wildberries.ru/catalog/270883906/detail.aspx?targetUrl=SP
Wonder Games;Настольная игра Мафия подарочный набор для детей и взрослых;296,0;700,0;4,9;6585;168507859;https://www.wildberries.ru/catalog/168507859/detail.aspx?targetUrl=SP
ЛАС ИГРАС;"Настольная игра ""Морской бой"" для детей";297,0;750,0;4,3;986;163700319;https://www.wildberries.ru/catalog/163700319/detail.aspx?targetUrl=SP
Hobby World;Настольная карточная игра Чебурашка Времена года;297,0;550,0;5,0;1;263536218;https://www.wildberries.ru/catalog/263536218/detail.aspx?targetUrl=SP
Hobby World;Карточная игра Маша и Медведь Битва Воспоминаний;297,0;500,0;5,0;3;238351699;https://www.wildberries.ru/catalog/238351699/detail.aspx?targetUrl=SP
Hobby World;Настольная карточная игра Лео и Тиг Новые друзья;297,0;494,0;4,8;3;218055991;https://www.wildberries.ru/catalog/218055991/detail.aspx?targetUrl=SP
Hobby World;Карточная игра Ми-ми-мишки Запоминайка;297,0;500,0;5,0;445;248088853;https://www.wildberries.ru/catalog/248088853/detail.aspx?targetUrl=SP
ГЕОДОМ;Карточная игра. Факт-миф. Животные;299,0;450,0;4,9;91;237738400;https://www.wildberries.ru/catalog/237738400/detail.aspx?targetUrl=SP
Play-Город;Настольная игра УНО игральные карты UNO для компании 112 шт;300,0;2000,0;4,9;42759;173785978;https://www.wildberries.ru/catalog/173785978/detail.aspx?targetUrl=SP
ЛАС ИГРАС;Настольная карточная игра «Кто я?» для детей и всей семьи;304,0;650,0;5,0;264;265485153;https://www.wildberries.ru/catalog/265485153/detail.aspx?targetUrl=SP
ТУВИ;Настольные игры Дубль животные (Дуббль). Игра Дубль;306,0;500,0;4,9;2620;16075721;https://www.wildberries.ru/catalog/16075721/detail.aspx?targetUrl=SP
;Гонги игра в кальмара;315,0;1000,0;5,0;1;344584824;https://www.wildberries.ru/catalog/344584824/detail.aspx?targetUrl=SP
Клёёво;Настольная игра Электронное Мемори Головоломка;315,0;700,0;4,9;919;188636333;https://www.wildberries.ru/catalog/188636333/detail.aspx?targetUrl=SP
ЛАС ИГРАС;Настольная игра для детей Весёлые лягушата;315,0;1097,0;4,9;1050;144782825;https://www.wildberries.ru/catalog/144782825/detail.aspx?targetUrl=SP
LOLBOX;Печать детская с наклейками игровой набор;315,0;1350,0;4,6;194;288015420;https://www.wildberries.ru/catalog/288015420/detail.aspx?targetUrl=SP
Крокодил и Ко;Настольные игры для детей и всей семьи Крокодил;316,0;901,0;4,9;2398;203725225;https://www.wildberries.ru/catalog/203725225/detail.aspx?targetUrl=SP
DREAM MAKERS;Настольная карточная игра для детей Дубль Кто быстрее;317,0;1218,0;5,0;11263;33726028;https://www.wildberries.ru/catalog/33726028/detail.aspx?targetUrl=SP
Рыжий Кот.;Настольные игры для детей и всей семьи Твистер;329,0;501,0;4,9;5499;15046048;https://www.wildberries.ru/catalog/15046048/detail.aspx?targetUrl=SP
ЛАС ИГРАС;Настольная карточная игра на воображение «Дримикум KIds»;331,0;751,0;5,0;84;279380293;https://www.wildberries.ru/catalog/279380293/detail.aspx?targetUrl=SP
;настольная игра магнитный бой 32;339,0;2550,0;4,5;300;310055650;https://www.wildberries.ru/catalog/310055650/detail.aspx?targetUrl=SP
DREAM MAKERS;Настольная психологическая игра Искренность для компании;341,0;1149,0;4,8;4873;163702855;https://www.wildberries.ru/catalog/163702855/detail.aspx?targetUrl=SP
IQ Game;Игра головоломка для детей и взрослых, IQ пазл;341,0;998,0;4,9;7686;155225640;https://www.wildberries.ru/catalog/155225640/detail.aspx?targetUrl=SP
ЛАС ИГРАС;"Подвижная настольная игра ""Твист-р Семейный"" с фантами";342,0;979,0;4,8;1282;14087085;https://www.wildberries.ru/catalog/14087085/detail.aspx?targetUrl=SP
ЛАС ИГРАС;"Настольная игра для детей ""Мемори шахматы""";342,0;484,0;4,9;155;237897455;https://www.wildberries.ru/catalog/237897455/detail.aspx?targetUrl=SP
ТУВИ;Настольные игры МЕДВЕЖУНО (Уно);345,0;650,0;5,0;393;191993296;https://www.wildberries.ru/catalog/191993296/detail.aspx?targetUrl=SP
ЛАС ИГРАС;Настольная игра падающая башня дженга;345,0;1569,0;4,8;1242;42958083;https://www.wildberries.ru/catalog/42958083/detail.aspx?targetUrl=SP
Дубль;Настольная игра Dobble Spot it! найди пару дуббль;346,0;860,0;4,9;5642;145560161;https://www.wildberries.ru/catalog/145560161/detail.aspx?targetUrl=SP
LOLBOX;Нелопающиеся пузыри опыты для детей;346,0;2536,0;4,6;23960;166769759;https://www.wildberries.ru/catalog/166769759/detail.aspx?targetUrl=SP
Develo;Настольная игра магнитный бой развивающая;347,0;1990,0;4,8;11159;235299181;https://www.wildberries.ru/catalog/235299181/detail.aspx?targetUrl=SP
МАGNET;Настольная игра для детей и всей семьи магнитный бой;349,0;2555,0;4,8;47312;247388639;https://www.wildberries.ru/catalog/247388639/detail.aspx?targetUrl=SP
VipИгра;Конгинори Гонги Игра в кальмара;349,0;1000,0;5,0;114;346546143;https://www.wildberries.ru/catalog/346546143/detail.aspx?targetUrl=SP
Формула Игр;Кубик wow таблица умножения подарок первокласснику;354,0;934,0;4,9;3434;166765453;https://www.wildberries.ru/catalog/166765453/detail.aspx?targetUrl=SP
ЛАС ИГРАС;Настольная карточная игра Дуббль для всей семьи с детьми;354,0;953,0;5,0;136;281580585;https://www.wildberries.ru/catalog/281580585/detail.aspx?targetUrl=SP
Дрофа-Медиа;Развивающие игры. Головоломки. Виммельбух;355,0;1018,0;4,8;8140;317766101;https://www.wildberries.ru/catalog/317766101/detail.aspx?targetUrl=SP
Лимпопо;"Детская магнитная игра ""Домашние животные""";356,0;1799,0;4,9;104;303272506;https://www.wildberries.ru/catalog/303272506/detail.aspx?targetUrl=SP
Play Land;Настольная игра Дети против Родителей для всей семьи;357,0;940,0;4,9;9785;128929398;https://www.wildberries.ru/catalog/128929398/detail.aspx?targetUrl=SP
ЛАС ИГРАС;Настольная обучающая игра на логику Спаси пингвина;357,0;887,0;4,8;6005;14026372;https://www.wildberries.ru/catalog/14026372/detail.aspx?targetUrl=SP
StarDay студия развлечений;Настольная игра для компании развивающая громкий разговор;359,0;2150,0;4,6;430;187622539;https://www.wildberries.ru/catalog/187622539/detail.aspx?targetUrl=SP
Кто Я;Настольная игра для детей и компании взрослых и всей семьи;361,0;1320,0;4,9;25526;102150809;https://www.wildberries.ru/catalog/102150809/detail.aspx?targetUrl=SP
GaGa Games;Настольная игра для детей Королевский Замок;363,0;735,0;4,9;713;2935296;https://www.wildberries.ru/catalog/2935296/detail.aspx?targetUrl=SP
ANMILA;Настольная игра магнитный бой для всей семьи и детей;364,0;1500,0;4,8;4312;261562786;https://www.wildberries.ru/catalog/261562786/detail.aspx?targetUrl=SP
;Карточная игра KIDAKI 3 набора Анимэ;370,0;1317,0;5,0;968;254885944;https://www.wildberries.ru/catalog/254885944/detail.aspx?targetUrl=SP
Формула Игр;Настольная игра для детей Тайный Я;371,0;960,0;5,0;126;306141480;https://www.wildberries.ru/catalog/306141480/detail.aspx?targetUrl=SP
Stickybook;"Игра "" Кто Я "" для детей, карточки с картинками";371,0;977,0;4,9;7593;262031765;https://www.wildberries.ru/catalog/262031765/detail.aspx?targetUrl=SP
Play-Город;Карты Уно игра настольная, uno;373,0;2077,0;4,8;42759;169744533;https://www.wildberries.ru/catalog/169744533/detail.aspx?targetUrl=SP
DREAM MAKERS;Настольная психологическая игра Искренность. Вопрос ребёнку;373,0;1339,0;5,0;110;301595148;https://www.wildberries.ru/catalog/301595148/detail.aspx?targetUrl=SP
Alex Games;Настольная игра МЕМО Столицы мира 50 карточек;374,0;1297,0;4,9;2247;185023171;https://www.wildberries.ru/catalog/185023171/detail.aspx?targetUrl=SP
Homenest;Конгинори кубики гонги игра в кальмара;374,0;967,0;4,8;92;325615889;https://www.wildberries.ru/catalog/325615889/detail.aspx?targetUrl=SP
Рыжий Кот.;"Настольная игра ""Падающая башня"" Дженга 54 бруска";375,0;838,0;4,9;6527;17818099;https://www.wildberries.ru/catalog/17818099/detail.aspx?targetUrl=SP
;Настольная игра Магнитный бой для детей и всей семьи;376,0;1500,0;5,0;3;356741996;https://www.wildberries.ru/catalog/356741996/detail.aspx?targetUrl=SP
Andreeva Shop;Магнитный бой настольная игра для детей и всей семьи;376,0;1833,0;4,9;4428;232168598;https://www.wildberries.ru/catalog/232168598/detail.aspx?targetUrl=SP
PEOPLE LIKE U club;Настольная игра Крокодил детская;379,0;1999,0;5,0;26;224589221;https://www.wildberries.ru/catalog/224589221/detail.aspx?targetUrl=SP
KEA-ARTHouse;Гонги игра в кальмара Gonggi;380,0;1112,0;4,9;83;316711768;https://www.wildberries.ru/catalog/316711768/detail.aspx?targetUrl=SP
Toys LittleFox;Туми иши балансир деревянный;380,0;2500,0;4,7;90;180946656;https://www.wildberries.ru/catalog/180946656/detail.aspx?targetUrl=SP
Студия Pagedown;"Настольная игра ""Ерундопель""";384,0;480,0;4,9;5094;5572674;https://www.wildberries.ru/catalog/5572674/detail.aspx?targetUrl=SP
ЛАС ИГРАС;Настольная игра Большой квак! для детей;385,0;1153,0;4,7;948;172680284;https://www.wildberries.ru/catalog/172680284/detail.aspx?targetUrl=SP
ALM;Магнитный бой настольная игра для детей и всей семьи;385,0;2116,0;4,9;4183;262567035;https://www.wildberries.ru/catalog/262567035/detail.aspx?targetUrl=SP
Krastoys;Настольная игра на логику Магнитный бой для детей;387,0;1200,0;4,8;713;227902896;https://www.wildberries.ru/catalog/227902896/detail.aspx?targetUrl=SP
ЛАС ИГРАС;Настольная игра для детей Аэрохоккей;387,0;1086,0;4,7;1099;14026418;https://www.wildberries.ru/catalog/14026418/detail.aspx?targetUrl=SP
MOS TOYS;Настольные игры развивающие шахматы мемо для всей семьи;389,0;2565,0;4,9;13152;168019267;https://www.wildberries.ru/catalog/168019267/detail.aspx?targetUrl=SP
ТРИ СОВЫ;Дубль настольная игра для всей семьи;391,0;573,0;4,9;782;162523905;https://www.wildberries.ru/catalog/162523905/detail.aspx?targetUrl=SP
Формула Игр;Настольная игра для детей Тайный Я;392,0;1455,0;4,9;8940;100096682;https://www.wildberries.ru/catalog/100096682/detail.aspx?targetUrl=SP
вирус!;Настольная игра Вирус для детей и взрослых компании;392,0;890,0;4,9;1165;92385755;https://www.wildberries.ru/catalog/92385755/detail.aspx?targetUrl=SP
;Настольная игра для детей и для всей семьи Крестики - Нолики;395,0;6500,0;5,0;39;327572567;https://www.wildberries.ru/catalog/327572567/detail.aspx?targetUrl=SP
ЛАС ИГРАС;"Настольная игра ""Весёлые молоточки""";395,0;1098,0;4,8;3440;14026468;https://www.wildberries.ru/catalog/14026468/detail.aspx?targetUrl=SP
Борщ Изба Медведь Свин Блин;Настольная карточная игра, для детей, взрослых и компаний;397,0;3153,0;4,9;1370;204239357;https://www.wildberries.ru/catalog/204239357/detail.aspx?targetUrl=SP
KAIFEN;Летающие бабочки набор игровой;399,0;740,0;4,9;1555;246393993;https://www.wildberries.ru/catalog/246393993/detail.aspx?targetUrl=SP
Веверика;Веселая карточная игра для вечеринки детей и взрослых;403,0;1150,0;5,0;357;252438669;https://www.wildberries.ru/catalog/252438669/detail.aspx?targetUrl=SP
ЛАС ИГРАС;"Настольная игра для всей семьи ""Хвост за хвост""";405,0;450,0;4,9;46;291203893;https://www.wildberries.ru/catalog/291203893/detail.aspx?targetUrl=SP
Дрофа-Медиа;Игра Викторина для детей;406,0;1137,0;4,9;3484;14901304;https://www.wildberries.ru/catalog/14901304/detail.aspx?targetUrl=SP
Пирума;"Настольная карточная игра для детей и всей семьи ""Мяу-зей""";408,0;1280,0;4,9;189;275183133;https://www.wildberries.ru/catalog/275183133/detail.aspx?targetUrl=SP
ONCELIKE;"Настольная игра для детей и всей семьи ""магнитный бой""";408,0;1413,0;4,8;8619;233922810;https://www.wildberries.ru/catalog/233922810/detail.aspx?targetUrl=SP
Лас Играс KIDS;Развивающая настольная игра для детей на везение хитрый Джек;409,0;1457,0;4,7;463;50418233;https://www.wildberries.ru/catalog/50418233/detail.aspx?targetUrl=SP
Томик;"Домино детское ""Животные"" 28 дет";410,0;900,0;4,9;9667;10625984;https://www.wildberries.ru/catalog/10625984/detail.aspx?targetUrl=SP
harry potter;Доббль Гарри Поттер настольная игра;414,0;1560,0;4,9;299;177848345;https://www.wildberries.ru/catalog/177848345/detail.aspx?targetUrl=SP
ЛАС ИГРАС;Настольная развивающая игра на внимание для всей семьи;414,0;1240,0;0,0;135;305242293;https://www.wildberries.ru/catalog/305242293/detail.aspx?targetUrl=SP
Формула Игр;Настольная игра для компании Тайный Я;414,0;2180,0;4,9;2560;67017646;https://www.wildberries.ru/catalog/67017646/detail.aspx?targetUrl=SP
ЧТО ТЫ СКАЗАЛ?;Настольные игры для компании всей семьи на новый год;417,0;1222,0;4,8;22403;140973756;https://www.wildberries.ru/catalog/140973756/detail.aspx?targetUrl=SP
Игры для компании;Падающая башня Настольная игра для детей и взрослых;418,0;1965,0;4,9;5056;14764170;https://www.wildberries.ru/catalog/14764170/detail.aspx?targetUrl=SP
Десятое королевство;"Настольная игра Дженга ""Сорви башню""";419,0;682,0;4,8;4509;17186069;https://www.wildberries.ru/catalog/17186069/detail.aspx?targetUrl=SP
Башня удачи;Настольная игра Башня дженга;423,0;1688,0;4,9;15727;56334321;https://www.wildberries.ru/catalog/56334321/detail.aspx?targetUrl=SP
Айфолика;Фанты. Настольная карточная игра для детей;426,0;1440,0;4,9;525;189390575;https://www.wildberries.ru/catalog/189390575/detail.aspx?targetUrl=SP
Твоя Игра;Настольная игра для детей и всей семьи магнитный бой;427,0;2555,0;4,9;2488;263466135;https://www.wildberries.ru/catalog/263466135/detail.aspx?targetUrl=SP
Кубик;Настольная игра дженга для детей и взрослых;427,0;3750,0;5,0;5;338060829;https://www.wildberries.ru/catalog/338060829/detail.aspx?targetUrl=SP
ЗОЛОТАЯ СКАЗКА;Игра настольная Башня, 48 деревянных блоков, Дженга;437,0;1150,0;4,9;8453;16088919;https://www.wildberries.ru/catalog/16088919/detail.aspx?targetUrl=SP
Башня удачи;Настольная игра дженга для детей и взрослых;438,0;1012,0;5,0;5893;147197493;https://www.wildberries.ru/catalog/147197493/detail.aspx?targetUrl=SP
Умнейкино;Танграм с карточками;438,0;1990,0;4,9;256;163777950;https://www.wildberries.ru/catalog/163777950/detail.aspx?targetUrl=SP
From Kids;Настольная игра для детей и взрослых Твистер;440,0;1525,0;4,8;1493;145355624;https://www.wildberries.ru/catalog/145355624/detail.aspx?targetUrl=SP
1Toy;Игра настольная игродром Крокодил укусил;442,0;844,0;4,8;2537;10612268;https://www.wildberries.ru/catalog/10612268/detail.aspx?targetUrl=SP
ЛАС ИГРАС;Настольная игра Ночь в музее для детей и взрослых;444,0;1084,0;4,8;865;195328542;https://www.wildberries.ru/catalog/195328542/detail.aspx?targetUrl=SP
АНДАНТЕ;Лото детское настольные развивающие игры Азбука;445,0;1889,0;4,9;16102;4374464;https://www.wildberries.ru/catalog/4374464/detail.aspx?targetUrl=SP
ЗОЛОТАЯ СКАЗКА;Игра настольная Башня, 48 деревянных блоков + кубик, Дженга;446,0;1174,0;4,7;8453;16088920;https://www.wildberries.ru/catalog/16088920/detail.aspx?targetUrl=SP
BELLA VISTA;"Настольная игра для всей семьи ""ОТКРОЙ БУКВУ""";450,0;790,0;4,9;11791;78801659;https://www.wildberries.ru/catalog/78801659/detail.aspx?targetUrl=SP
АНДАНТЕ;Домино деревянное Настольные игры 3 5 6 лет;451,0;1799,0;4,8;5200;13153912;https://www.wildberries.ru/catalog/13153912/detail.aspx?targetUrl=SP
Дрофа-Медиа;Развивающая игра. Сложи слово. Учимся читать;451,0;1007,0;4,9;4679;1864728;https://www.wildberries.ru/catalog/1864728/detail.aspx?targetUrl=SP
настольные игры;Настольная игра карточная для компании Дырявый Вонючий Носок;457,0;1074,0;4,9;2035;256681832;https://www.wildberries.ru/catalog/256681832/detail.aspx?targetUrl=SP
;Настольная игра для детей и всей семьи магнитный бой;458,0;2350,0;5,0;2;340192972;https://www.wildberries.ru/catalog/340192972/detail.aspx?targetUrl=SP
ЛАС ИГРАС;Настольная игра для детей и всей семьи Золото гномов;460,0;1263,0;4,7;264;265490954;https://www.wildberries.ru/catalog/265490954/detail.aspx?targetUrl=SP
Witty Hooligan;Настольная игра Борьба Полов 16+ для компании;460,0;748,0;4,8;2369;136454730;https://www.wildberries.ru/catalog/136454730/detail.aspx?targetUrl=SP
Дикий Бобер;Настольная игра падающая башня Дженга;461,0;980,0;4,9;2626;190001975;https://www.wildberries.ru/catalog/190001975/detail.aspx?targetUrl=SP
StarDay студия развлечений;Настольная игра Гарри Поттер & Волан де Морт;461,0;2250,0;4,7;430;265974766;https://www.wildberries.ru/catalog/265974766/detail.aspx?targetUrl=SP
eKids;Настольная сенсорная развивающая игра антистресс доска;466,0;1536,0;5,0;411;294497446;https://www.wildberries.ru/catalog/294497446/detail.aspx?targetUrl=SP
eKids;Настольная сенсорная развивающая игра антистресс доска;466,0;1536,0;4,8;411;275282996;https://www.wildberries.ru/catalog/275282996/detail.aspx?targetUrl=SP
;Настольная игра для взрослых и детей и всей семьи;468,0;1400,0;5,0;4;314897446;https://www.wildberries.ru/catalog/314897446/detail.aspx?targetUrl=SP
IQtoys;Развивающие игрушки от 3 лет;468,0;2370,0;4,9;5895;10835631;https://www.wildberries.ru/catalog/10835631/detail.aspx?targetUrl=SP
ImPaper;Настольная игра Мафия Капибары;471,0;1000,0;4,8;778;308646131;https://www.wildberries.ru/catalog/308646131/detail.aspx?targetUrl=SP
Формула Игр;Настольная игра для компании Тайный Я;483,0;2192,0;4,9;2772;144511740;https://www.wildberries.ru/catalog/144511740/detail.aspx?targetUrl=SP
Play-Город;Карты Уно игра настольная, uno;483,0;2193,0;4,8;42759;171463254;https://www.wildberries.ru/catalog/171463254/detail.aspx?targetUrl=SP
Develo;Настольная игра для детей и всей семьи боулинг;484,0;2770,0;4,7;11159;305243249;https://www.wildberries.ru/catalog/305243249/detail.aspx?targetUrl=SP
Бюро находок;Настольная карточная игра Вонючий носок;484,0;1100,0;4,9;12299;188208027;https://www.wildberries.ru/catalog/188208027/detail.aspx?targetUrl=SP
Формула Игр;Скажи если сможешь, Попробуй произнести для компании,Мямля;488,0;1949,0;4,7;3623;95572498;https://www.wildberries.ru/catalog/95572498/detail.aspx?targetUrl=SP
;Карточная игра KIDAKI 4 набора Анимэ;488,0;1787,0;5,0;968;254894126;https://www.wildberries.ru/catalog/254894126/detail.aspx?targetUrl=SP
Айфолика;Детская развлекательная игра. Дублемания. Классика;492,0;1660,0;4,9;779;194367338;https://www.wildberries.ru/catalog/194367338/detail.aspx?targetUrl=SP
Смарт-игры;Треугольные шахматы. Семейная настольная игра Triggle;494,0;5000,0;4,7;264;250681718;https://www.wildberries.ru/catalog/250681718/detail.aspx?targetUrl=SP
Wood Kubik;Настольные игры туми иши цветные 8 шт;501,0;6000,0;4,9;8836;226296461;https://www.wildberries.ru/catalog/226296461/detail.aspx?targetUrl=SP
BS Tech;Развивающая игра интерактивная головоломка 5 в 1;501,0;1500,0;5,0;137;334975299;https://www.wildberries.ru/catalog/334975299/detail.aspx?targetUrl=SP
Hobby World;Настольная карточная игра Loonacy;502,0;569,0;5,0;2628;154756971;https://www.wildberries.ru/catalog/154756971/detail.aspx?targetUrl=SP
Hobby World;Настольная игра Неко-кафе;502,0;1058,0;5,0;5;275557672;https://www.wildberries.ru/catalog/275557672/detail.aspx?targetUrl=SP
Hobby World;Настольная карточная игра Объяснярий;502,0;867,0;4,9;459;152353466;https://www.wildberries.ru/catalog/152353466/detail.aspx?targetUrl=SP
Hobby World;Настольная карточная игра Свинтус Правила Этикета;502,0;581,0;4,9;10280;151857551;https://www.wildberries.ru/catalog/151857551/detail.aspx?targetUrl=SP
Hobby World;Настольная карточная игра Свинтус Юный;502,0;622,0;4,9;10280;151857552;https://www.wildberries.ru/catalog/151857552/detail.aspx?targetUrl=SP
Hobby World;Настольная карточная игра Свинтус Зомби;502,0;608,0;4,8;10280;151857555;https://www.wildberries.ru/catalog/151857555/detail.aspx?targetUrl=SP
Magellan;Настольная игра Крокодил ВсякоРазный;502,0;1175,0;4,7;66;172694416;https://www.wildberries.ru/catalog/172694416/detail.aspx?targetUrl=SP
Hobby World;Настольная игра Соображарий;502,0;622,0;4,9;3576;152135125;https://www.wildberries.ru/catalog/152135125/detail.aspx?targetUrl=SP
Origami;Узоры настольная игра-мозаика для взрослых и детей;505,0;1128,0;4,9;399;273990872;https://www.wildberries.ru/catalog/273990872/detail.aspx?targetUrl=SP
DREAM MAKERS;Настольная игра для детей и компании Угадай Кто;506,0;1516,0;4,8;8220;4935135;https://www.wildberries.ru/catalog/4935135/detail.aspx?targetUrl=SP
Десятое королевство;"Настольная игра для детей ""Морской бой"" (мини)";510,0;960,0;4,6;12621;9907587;https://www.wildberries.ru/catalog/9907587/detail.aspx?targetUrl=SP
Рыжий Кот.;Морской бой Настольная игра;515,0;1257,0;4,9;21483;12012463;https://www.wildberries.ru/catalog/12012463/detail.aspx?targetUrl=SP
Memeroom;Настольные игры для компании. Что за мем;517,0;1840,0;4,8;4004;217979370;https://www.wildberries.ru/catalog/217979370/detail.aspx?targetUrl=SP
Айфолика;Развивающая книга-игра с магнитными стикерами. Транспорт;518,0;1950,0;4,9;356;191532943;https://www.wildberries.ru/catalog/191532943/detail.aspx?targetUrl=SP
Айфолика;Развивающая игра с магнитными стикерами. Динозавры;518,0;1950,0;4,9;356;191532456;https://www.wildberries.ru/catalog/191532456/detail.aspx?targetUrl=SP
Айфолика;Развивающая книга-игра с магнитными стикерами. Море;518,0;1950,0;4,9;356;191532938;https://www.wildberries.ru/catalog/191532938/detail.aspx?targetUrl=SP
Настольные игры Произнеси, если сможешь;Скажи если сможешь, Попробуй произнести для компании;522,0;1462,0;4,8;43141;84920974;https://www.wildberries.ru/catalog/84920974/detail.aspx?targetUrl=SP
Не по годам;"Развивающая игра на липучках для детей ""Что где растет?""";523,0;1490,0;4,9;329;220924032;https://www.wildberries.ru/catalog/220924032/detail.aspx?targetUrl=SP
Krastoys;Пингвин на льдине настольная игра для детей;524,0;1150,0;4,8;1001;205553557;https://www.wildberries.ru/catalog/205553557/detail.aspx?targetUrl=SP
GOODPLAY;Треугольные шахматы Triggle Настольная игра для детей;524,0;1500,0;4,7;66;258711810;https://www.wildberries.ru/catalog/258711810/detail.aspx?targetUrl=SP
Ma-Mi Toys;Настольная игра астронавты балансир космонавты;525,0;886,0;4,7;2941;211252901;https://www.wildberries.ru/catalog/211252901/detail.aspx?targetUrl=SP
Memeroom;Настольные игры для всей семьи мемы;529,0;1742,0;4,8;4004;257337386;https://www.wildberries.ru/catalog/257337386/detail.aspx?targetUrl=SP
DREAM MAKERS;Настольная игра для детей и всей семьи Ответь за 10 секунд;531,0;1840,0;4,9;1817;163704156;https://www.wildberries.ru/catalog/163704156/detail.aspx?targetUrl=SP
Формула Игр;Настольная игра для детей Тайный Я и Мафия Kids;532,0;2500,0;4,8;8940;301765424;https://www.wildberries.ru/catalog/301765424/detail.aspx?targetUrl=SP
ЛАС ИГРАС;Настольная игра для детей Космо баланс;532,0;787,0;4,8;1064;237897454;https://www.wildberries.ru/catalog/237897454/detail.aspx?targetUrl=SP
Meme;Настольные игры для компании что за мем;540,0;1921,0;4,8;11797;142681095;https://www.wildberries.ru/catalog/142681095/detail.aspx?targetUrl=SP
Десятое королевство;"Настольная игра Дженга ""Сорви башню""";543,0;832,0;4,7;4509;17186070;https://www.wildberries.ru/catalog/17186070/detail.aspx?targetUrl=SP
Умелец я;Игровой набор парикмахера для девочек;543,0;1555,0;4,9;1045;15835343;https://www.wildberries.ru/catalog/15835343/detail.aspx?targetUrl=SP
Рисуй носом;Настольная игра для детей и всей семьи;546,0;1998,0;4,8;87;287031508;https://www.wildberries.ru/catalog/287031508/detail.aspx?targetUrl=SP
MemeClub;Настольные игры для компании что за мем;547,0;2880,0;4,8;54630;79462698;https://www.wildberries.ru/catalog/79462698/detail.aspx?targetUrl=SP
Cosmodrome Games;"Настольная карточная игра для компании ""Мафия""";547,0;890,0;5,0;1238;6540911;https://www.wildberries.ru/catalog/6540911/detail.aspx?targetUrl=SP
Десятое королевствo;"Игра настольная для друзей ""Иллюзориум"" дорожная версия";547,0;800,0;4,0;725;314881851;https://www.wildberries.ru/catalog/314881851/detail.aspx?targetUrl=SP
Настолька;Треугольные цепные шахматы. Настольная игра Triggle;549,0;1723,0;4,9;218;291495327;https://www.wildberries.ru/catalog/291495327/detail.aspx?targetUrl=SP
Рыжий Кот.;Морской бой Настольная игра;550,0;1149,0;4,9;51320;8210228;https://www.wildberries.ru/catalog/8210228/detail.aspx?targetUrl=SP
POP! That Game;Игра настольная для компании Объясни за 60 секунд новый год;551,0;4268,0;4,9;9883;155159706;https://www.wildberries.ru/catalog/155159706/detail.aspx?targetUrl=SP
Томик;Лото Азбука 36 деталей;551,0;1160,0;5,0;7732;165205801;https://www.wildberries.ru/catalog/165205801/detail.aspx?targetUrl=SP
ЛАС ИГРАС;Настольная игра для детей и всей семьи Скажи если сможешь;554,0;1551,0;5,0;563;281580594;https://www.wildberries.ru/catalog/281580594/detail.aspx?targetUrl=SP
Умнейкино;Развивающая игра балансир Пираты;555,0;1590,0;5,0;298;21216189;https://www.wildberries.ru/catalog/21216189/detail.aspx?targetUrl=SP
ИГРАLIFE;Тока Бока настольные игры для детей Toca Boca;557,0;1630,0;4,8;813;179691314;https://www.wildberries.ru/catalog/179691314/detail.aspx?targetUrl=SP
ЛАС ИГРАС;"Настольная игра ""Спаси кота"" для детей";559,0;1389,0;4,9;948;14026423;https://www.wildberries.ru/catalog/14026423/detail.aspx?targetUrl=SP
MOS TOYS;Настольные игры развивающие шахматы мемо для всей семьи;561,0;2842,0;4,9;13152;44707741;https://www.wildberries.ru/catalog/44707741/detail.aspx?targetUrl=SP
Стиль Жизни;"Настольная игра ""Лисы, куры, 5 яиц"" для всей семьи 8+";562,0;740,0;4,9;728;142607096;https://www.wildberries.ru/catalog/142607096/detail.aspx?targetUrl=SP
Ладно;Школьная башня дженга настольная игра развивающая для детей;564,0;1199,0;4,9;53;264394601;https://www.wildberries.ru/catalog/264394601/detail.aspx?targetUrl=SP
Ладно;Школьная башня дженга настольная игра развивающая для детей;564,0;1199,0;5,0;53;264393199;https://www.wildberries.ru/catalog/264393199/detail.aspx?targetUrl=SP
Hobby World;Настольная карточная игра Loonacy Рик и Морти;566,0;4142,0;4,9;56;238351709;https://www.wildberries.ru/catalog/238351709/detail.aspx?targetUrl=SP
Magellan;Дополнение к игре Шакал Архипелаг Остров Тысячи Пещер;566,0;1656,0;4,9;169;172898688;https://www.wildberries.ru/catalog/172898688/detail.aspx?targetUrl=SP
Zubro Games;Настольные игры для всей семьи что за мем;569,0;2080,0;4,9;7334;157912480;https://www.wildberries.ru/catalog/157912480/detail.aspx?targetUrl=SP
Toys LittleFox;Туми иши балансир деревянный;570,0;2500,0;4,7;90;180946657;https://www.wildberries.ru/catalog/180946657/detail.aspx?targetUrl=SP
ИГРАТЕРРА;Настольная игра для всей семьи, для взрослых и детей;570,0;1500,0;4,9;4138;223212298;https://www.wildberries.ru/catalog/223212298/detail.aspx?targetUrl=SP
ЛАС ИГРАС;Настольная игра для детей Игра пингвинов;570,0;1924,0;4,8;456;15624512;https://www.wildberries.ru/catalog/15624512/detail.aspx?targetUrl=SP
Iplay;Настольная игра для детей мемо Образно говоря 6+;571,0;4700,0;4,9;2758;59517236;https://www.wildberries.ru/catalog/59517236/detail.aspx?targetUrl=SP
EnglishTime;Настольная игра на английском языке для детей;579,0;1090,0;4,8;107;215595831;https://www.wildberries.ru/catalog/215595831/detail.aspx?targetUrl=SP
MemeClub;Настольные игры для всей семьи что за мем;581,0;2832,0;4,9;9945;184113207;https://www.wildberries.ru/catalog/184113207/detail.aspx?targetUrl=SP
Детские мечты;Настольная игра треугольные шахматы triggle;582,0;2736,0;4,9;1189;271236289;https://www.wildberries.ru/catalog/271236289/detail.aspx?targetUrl=SP
Простые правила;Настольная игра для детей на реакцию «Чупер»;586,0;1016,0;4,9;206;65560771;https://www.wildberries.ru/catalog/65560771/detail.aspx?targetUrl=SP
Простые правила;Настольная игра «Частики»;586,0;1016,0;4,9;302;105193367;https://www.wildberries.ru/catalog/105193367/detail.aspx?targetUrl=SP
Zubro Games;Настольные игры для компании в дорогу Угадай Кто я;587,0;2975,0;4,9;1276;243097296;https://www.wildberries.ru/catalog/243097296/detail.aspx?targetUrl=SP
Филипок и Ко;Блицум. Слово дня. Настольная игра для детей;587,0;1932,0;5,0;137;279305886;https://www.wildberries.ru/catalog/279305886/detail.aspx?targetUrl=SP
BONACI KINDER;Игра настольная развивающая балансир для детей;588,0;1800,0;4,3;10;302490087;https://www.wildberries.ru/catalog/302490087/detail.aspx?targetUrl=SP
FS MARKET;"Настольная игра ""Монополия Классическая""";589,0;2000,0;4,8;297;215330047;https://www.wildberries.ru/catalog/215330047/detail.aspx?targetUrl=SP
MOS TOYS;Настольные игры развивающие шахматы мемо для всей семьи;590,0;2428,0;4,9;13152;168019268;https://www.wildberries.ru/catalog/168019268/detail.aspx?targetUrl=SP
Veselo Games;Настольная игра для детей и взрослых подарок;590,0;2990,0;4,8;7289;164770854;https://www.wildberries.ru/catalog/164770854/detail.aspx?targetUrl=SP
Develo;Настольная игра магнитный бой развивающая;591,0;2290,0;4,9;11159;221704196;https://www.wildberries.ru/catalog/221704196/detail.aspx?targetUrl=SP
DREAM MAKERS;"Настольная игра для детей ""Кто быстрее?""";591,0;1947,0;4,9;7027;9602318;https://www.wildberries.ru/catalog/9602318/detail.aspx?targetUrl=SP
STEP puzzle;Настольная игра для детей Микадо;591,0;1390,0;4,9;1367;143469478;https://www.wildberries.ru/catalog/143469478/detail.aspx?targetUrl=SP
Boggart Games;Настольная игра бродилка шалость удалась гарри поттер;592,0;2000,0;4,9;771;250635811;https://www.wildberries.ru/catalog/250635811/detail.aspx?targetUrl=SP
Смарт-игры;Настольная игра Найди пару;592,0;2000,0;4,9;142;294101069;https://www.wildberries.ru/catalog/294101069/detail.aspx?targetUrl=SP
Hobby World;Настольная игра Red 7!;604,0;12736,0;4,9;151;152353460;https://www.wildberries.ru/catalog/152353460/detail.aspx?targetUrl=SP
MOS TOYS;Настольная игра Девочки против мальчиков;604,0;795,0;4,9;13152;263534020;https://www.wildberries.ru/catalog/263534020/detail.aspx?targetUrl=SP
;Набор настольная корейская игра в кальмара;607,0;1700,0;4,4;949;339043854;https://www.wildberries.ru/catalog/339043854/detail.aspx?targetUrl=SP
РадостныеИгры;Игровой набор для тенниса и пинг-понга подвесной;611,0;1319,0;4,8;1911;246139121;https://www.wildberries.ru/catalog/246139121/detail.aspx?targetUrl=SP
Games Corporation;Мухобойка настольная карточная игра для компании и детям;615,0;1620,0;4,9;21124;7531395;https://www.wildberries.ru/catalog/7531395/detail.aspx?targetUrl=SP
Basik;Настольная игра для детей магнитные шарики;615,0;3375,0;4,7;681;289967970;https://www.wildberries.ru/catalog/289967970/detail.aspx?targetUrl=SP
MIKA_STORE;Настольная игра П - это пицца карточная викторина;615,0;3000,0;5,0;5218;313222174;https://www.wildberries.ru/catalog/313222174/detail.aspx?targetUrl=SP
MOS TOYS;Настольная игра ходилка Ушастые гонки, Выдерни морковку;618,0;814,0;4,6;13;329774244;https://www.wildberries.ru/catalog/329774244/detail.aspx?targetUrl=SP
MOS TOYS;"Настольная игра для детей ""Ловушка для зайца""";624,0;1173,0;4,8;788;219937715;https://www.wildberries.ru/catalog/219937715/detail.aspx?targetUrl=SP
LISYUSHA_KIDS;"Настольная игра ""Цветные шарики""";626,0;3055,0;4,7;805;341066262;https://www.wildberries.ru/catalog/341066262/detail.aspx?targetUrl=SP
Zubro Games;Настольные игры для компании всей семьи скажи если сможешь;638,0;2895,0;4,8;7334;263159092;https://www.wildberries.ru/catalog/263159092/detail.aspx?targetUrl=SP
EdiToys;"Веселая игра ""Озорные паучки""";638,0;1999,0;4,8;1037;40502405;https://www.wildberries.ru/catalog/40502405/detail.aspx?targetUrl=SP
MOS TOYS;Настольная игра ходилка Ушастые гонки Выдерни морковку;639,0;1379,0;4,8;13152;169822701;https://www.wildberries.ru/catalog/169822701/detail.aspx?targetUrl=SP
Простые правила;Настольная игра «Чудопони»;640,0;1016,0;4,9;82;101324383;https://www.wildberries.ru/catalog/101324383/detail.aspx?targetUrl=SP
Простые правила;Настольная игра «Мягкий знак»;640,0;1016,0;5,0;112;94811048;https://www.wildberries.ru/catalog/94811048/detail.aspx?targetUrl=SP
Простые правила;Настольная игра для детей «Шапка-невидимка»;640,0;1016,0;5,0;190;63457189;https://www.wildberries.ru/catalog/63457189/detail.aspx?targetUrl=SP
;Конгинори игра gonggi;641,0;900,0;4,3;99;321744298;https://www.wildberries.ru/catalog/321744298/detail.aspx?targetUrl=SP
Кто же у тебя ?;Настольные игры для детей и всей семьи Угадай Кто?;643,0;1882,0;4,7;5635;176169116;https://www.wildberries.ru/catalog/176169116/detail.aspx?targetUrl=SP
ЛАС ИГРАС;Настольная игра правда или действие Шок рулетка;649,0;855,0;4,5;1839;238336910;https://www.wildberries.ru/catalog/238336910/detail.aspx?targetUrl=SP
Экивоки;Настольная игра ходилка бродилка для детей. Следопыты;649,0;1500,0;5,0;324;297880209;https://www.wildberries.ru/catalog/297880209/detail.aspx?targetUrl=SP
Gremlin;Магнитный бой настольная игра;653,0;3437,0;4,6;244;314748759;https://www.wildberries.ru/catalog/314748759/detail.aspx?targetUrl=SP
Develo;Магнитный бой настольная игра;658,0;2990,0;4,8;11159;268371758;https://www.wildberries.ru/catalog/268371758/detail.aspx?targetUrl=SP
Veselo Games;Настольная игра для детей и взрослых Сосисоны;658,0;2990,0;4,9;7289;315007815;https://www.wildberries.ru/catalog/315007815/detail.aspx?targetUrl=SP
MAKOSHA;Вышибашки Настольная игра для детей и всей семьи;658,0;2550,0;4,9;552;296162945;https://www.wildberries.ru/catalog/296162945/detail.aspx?targetUrl=SP
РадостныеИгры;Игровой набор теннис подвесной на веревке;659,0;1240,0;4,5;159;310188242;https://www.wildberries.ru/catalog/310188242/detail.aspx?targetUrl=SP
Zubro Games;Настольные игры для всей семьи Кто я;667,0;3030,0;5,0;877;316080188;https://www.wildberries.ru/catalog/316080188/detail.aspx?targetUrl=SP
Десятое королевство;Настольная игра для детей Вышибашки. Чапай. Аэрохоккей;667,0;1111,0;4,9;1336;77230895;https://www.wildberries.ru/catalog/77230895/detail.aspx?targetUrl=SP
FavoriteS;Набор игр в кальмара;671,0;2210,0;4,4;786;328262808;https://www.wildberries.ru/catalog/328262808/detail.aspx?targetUrl=SP
KU-KU-RUZIYA;Настольная игра для детей, всей семьи Волшебные Сказки;674,0;1930,0;5,0;7;271324799;https://www.wildberries.ru/catalog/271324799/detail.aspx?targetUrl=SP
Toany Games;Настольная игра Кто Я для всей семьи и детей;676,0;5563,0;4,9;811;243051907;https://www.wildberries.ru/catalog/243051907/detail.aspx?targetUrl=SP
MIRA toys;Настольная игра магнитный бой развивающая;678,0;3190,0;4,9;2501;217832796;https://www.wildberries.ru/catalog/217832796/detail.aspx?targetUrl=SP
Головоломка;Игра ГО 18х18 пунктов магнитная, настольная игра для семьи;680,0;895,0;4,8;641;156253239;https://www.wildberries.ru/catalog/156253239/detail.aspx?targetUrl=SP
;Набор игр в кальмара;684,0;2250,0;4,3;1652;328249010;https://www.wildberries.ru/catalog/328249010/detail.aspx?targetUrl=SP
RaveQuest;Настольная игра для детей и взрослых магнитный бой;684,0;8190,0;4,9;3030;245313159;https://www.wildberries.ru/catalog/245313159/detail.aspx?targetUrl=SP
ИГРАТЕРРА;Настольная игра детектив для всей семьи детей Котики убивают;684,0;1800,0;4,9;4138;232782112;https://www.wildberries.ru/catalog/232782112/detail.aspx?targetUrl=SP
Стиль Жизни;"Развивающая настольная игра ""Бюро Находок""";684,0;900,0;5,0;277;76355411;https://www.wildberries.ru/catalog/76355411/detail.aspx?targetUrl=SP
MOS TOYS;Настольная игра Туми Иши для детей компании и всей семьи;693,0;2764,0;4,8;13152;174007072;https://www.wildberries.ru/catalog/174007072/detail.aspx?targetUrl=SP
Mishka books;Карточная игра Монзания для детей;698,0;2420,0;5,0;2;291421230;https://www.wildberries.ru/catalog/291421230/detail.aspx?targetUrl=SP
Мемограм;Настольные игры с сообщениями смс;701,0;3551,0;4,8;2053;181349429;https://www.wildberries.ru/catalog/181349429/detail.aspx?targetUrl=SP
Простые правила;Настольная игра с картами для семьи «Большая стирка»;704,0;1219,0;4,9;3560;65516584;https://www.wildberries.ru/catalog/65516584/detail.aspx?targetUrl=SP
Hobby World;Настольная игра Щупалка;707,0;1329,0;5,0;7;275605383;https://www.wildberries.ru/catalog/275605383/detail.aspx?targetUrl=SP
Magellan;Дополнение к игре Шакал Архипелаг Остров Весёлого Роджера;707,0;3545,0;5,0;169;172898697;https://www.wildberries.ru/catalog/172898697/detail.aspx?targetUrl=SP
;набор игра в кальмара конги;710,0;5500,0;4,4;1530;339776835;https://www.wildberries.ru/catalog/339776835/detail.aspx?targetUrl=SP
Veselo Games;Настольная игра для компании детей и взрослых;710,0;3340,0;4,6;7289;175587773;https://www.wildberries.ru/catalog/175587773/detail.aspx?targetUrl=SP
;Бисокчиги игра кальмара корейская Летающий камень Бесогчиги;712,0;1500,0;4,9;20;324352788;https://www.wildberries.ru/catalog/324352788/detail.aspx?targetUrl=SP
Krastoys;Монополия игра настольная классическая;714,0;1600,0;4,8;3147;164211765;https://www.wildberries.ru/catalog/164211765/detail.aspx?targetUrl=SP
МагБой;"Настольная игра ""Магнитный бой""";715,0;2770,0;4,8;3907;313981266;https://www.wildberries.ru/catalog/313981266/detail.aspx?targetUrl=SP
МагБой;Игра настольная магнитный бой 32;717,0;2360,0;4,9;3907;242305878;https://www.wildberries.ru/catalog/242305878/detail.aspx?targetUrl=SP
МагБой;Игра настольная магнитный бой 32+;717,0;2360,0;4,9;3907;293428397;https://www.wildberries.ru/catalog/293428397/detail.aspx?targetUrl=SP
;Набор игра в кальмара конги;718,0;6750,0;4,6;94;341251233;https://www.wildberries.ru/catalog/341251233/detail.aspx?targetUrl=SP
ONCELIKE;"Настольная игра для детей и всей семьи ""магнитный бой""";721,0;2499,0;4,9;8619;236795893;https://www.wildberries.ru/catalog/236795893/detail.aspx?targetUrl=SP
MIKA_STORE;Настольная игра Стадное Чувство для компании;729,0;4000,0;4,9;5218;313222175;https://www.wildberries.ru/catalog/313222175/detail.aspx?targetUrl=SP
Dofamin Games;Настольная игра для всей семьи, детей и взрослых Медовод;731,0;1887,0;4,9;1996;222164293;https://www.wildberries.ru/catalog/222164293/detail.aspx?targetUrl=SP
Kucher`s;Настольная игра Магнитный Бой;735,0;2200,0;5,0;203;325742401;https://www.wildberries.ru/catalog/325742401/detail.aspx?targetUrl=SP
;"Настольная игра ""BuckShot Roulette"" для компании Бакшот";738,0;1170,0;4,8;318;302749700;https://www.wildberries.ru/catalog/302749700/detail.aspx?targetUrl=SP
Мемограм;Настольные игры для всей семьи Kids;749,0;5193,0;4,9;12996;141649867;https://www.wildberries.ru/catalog/141649867/detail.aspx?targetUrl=SP
НЕДЕТСКИЕ ТЕМЫ;Карточная игра про любовь для подруг, друзей и пар;752,0;1500,0;5,0;13;294850164;https://www.wildberries.ru/catalog/294850164/detail.aspx?targetUrl=SP
НЕДЕТСКИЕ ТЕМЫ;Карточная настольная игра для друзей и компаний;752,0;1500,0;4,8;108;214062976;https://www.wildberries.ru/catalog/214062976/detail.aspx?targetUrl=SP
Sanrise NV;Магнитный бой настольная игра для компании;756,0;1990,0;4,7;883;258897446;https://www.wildberries.ru/catalog/258897446/detail.aspx?targetUrl=SP
;Набор Gonggi конгинори корейская игра Игра в кальмара 2;760,0;2000,0;4,4;786;330229805;https://www.wildberries.ru/catalog/330229805/detail.aspx?targetUrl=SP
MIKA_STORE;Угадай кто? Настольная игра для детей и взрослых;760,0;2500,0;4,7;5218;138578734;https://www.wildberries.ru/catalog/138578734/detail.aspx?targetUrl=SP
Little Genius 2.0.;Игры на липучках;760,0;2000,0;5,0;142;234480904;https://www.wildberries.ru/catalog/234480904/detail.aspx?targetUrl=SP
Stolyarka;Башня настольная игра для взрослых и детей;763,0;1500,0;4,9;27;325132181;https://www.wildberries.ru/catalog/325132181/detail.aspx?targetUrl=SP
VD Master;Настольная игра шашки-вышибашки в подарочной упаковке;773,0;1850,0;4,8;230;19911505;https://www.wildberries.ru/catalog/19911505/detail.aspx?targetUrl=SP
;Настольная игра Слово Мания Сумасшедший алфавит;785,0;1590,0;4,6;1652;276382467;https://www.wildberries.ru/catalog/276382467/detail.aspx?targetUrl=SP
Games Corporation;Хугермугер настольная карточная игра в компании семье детям;790,0;2080,0;4,9;21124;7531393;https://www.wildberries.ru/catalog/7531393/detail.aspx?targetUrl=SP
Veselo Games;Настольные игры для компании детей и взрослых в подарок;796,0;3380,0;4,8;7289;158521286;https://www.wildberries.ru/catalog/158521286/detail.aspx?targetUrl=SP
;Игра головоломка для детей в поисках сокровищ;802,0;2200,0;4,8;196;261126613;https://www.wildberries.ru/catalog/261126613/detail.aspx?targetUrl=SP
Экивоки;Настольная игра. Полный вперед!;807,0;7079,0;4,9;2229;11787207;https://www.wildberries.ru/catalog/11787207/detail.aspx?targetUrl=SP
ЛАС ИГРАС;"Настольная игра для всей семьи ""Сырные дела""";824,0;2048,0;4,8;405;14026480;https://www.wildberries.ru/catalog/14026480/detail.aspx?targetUrl=SP
El`BascoKids;Настольная игра для детей от 4 лет развивающая;833,0;1892,0;4,9;3728;102509182;https://www.wildberries.ru/catalog/102509182/detail.aspx?targetUrl=SP
El`BascoKids;Настольная игра для детей 5 лет Глаз Алмаз Город;833,0;1925,0;4,9;3728;260211276;https://www.wildberries.ru/catalog/260211276/detail.aspx?targetUrl=SP
El`BascoKids;Настольная игра для детей от 4 лет развивающая;833,0;1859,0;4,9;3728;142595931;https://www.wildberries.ru/catalog/142595931/detail.aspx?targetUrl=SP
Cosmodrome Games;"Настольная игра для всей семьи и компании ""Так тоже можно""";834,0;1390,0;5,0;2;296159885;https://www.wildberries.ru/catalog/296159885/detail.aspx?targetUrl=SP
El`BascoKids;Настольная игра для детей 5 лет Глаз Алмаз Животные;834,0;1960,0;4,9;3728;260211275;https://www.wildberries.ru/catalog/260211275/detail.aspx?targetUrl=SP
MOS TOYS;Настольная игра для детей Ушастые гонки;849,0;1118,0;4,6;13152;317876255;https://www.wildberries.ru/catalog/317876255/detail.aspx?targetUrl=SP
MOS TOYS;Настольная игра ходилка Ушастые гонки 2, Выдерни морковку;850,0;1119,0;4,8;13;329801029;https://www.wildberries.ru/catalog/329801029/detail.aspx?targetUrl=SP
FS MARKET;"Настольная игра Alias Party Скажи иначе ""Вечеринка""";851,0;3200,0;4,6;297;217506896;https://www.wildberries.ru/catalog/217506896/detail.aspx?targetUrl=SP
Домино.;Настольные игры Русское лото с деревянными бочонками;853,0;1605,0;4,9;4042;12229521;https://www.wildberries.ru/catalog/12229521/detail.aspx?targetUrl=SP
IzDereva;Настольные игры для детей от 3 лет. Балансир игра. Туми иши;859,0;2630,0;4,9;2683;45714101;https://www.wildberries.ru/catalog/45714101/detail.aspx?targetUrl=SP
Экивоки;Настольная игра ходилка бродилка для компании. Не та дверь;866,0;2000,0;4,5;1502;297812049;https://www.wildberries.ru/catalog/297812049/detail.aspx?targetUrl=SP
BENJAWOOD;Настольная игра Дженга размер S 54бруска Термограб +футляр;866,0;2150,0;4,9;11317;15342519;https://www.wildberries.ru/catalog/15342519/detail.aspx?targetUrl=SP
RaveQuest;Настольная игра для детей и взрослых магнитный бой;870,0;7635,0;4,9;3030;260085560;https://www.wildberries.ru/catalog/260085560/detail.aspx?targetUrl=SP
Supermem;Настольные игры набор 3 в 1 для компании и вечеринки;874,0;4795,0;4,9;1719;180892288;https://www.wildberries.ru/catalog/180892288/detail.aspx?targetUrl=SP
Десятое королевство;Настольная игра для детей Вышибашки. Чапай. Вышибайка;877,0;1892,0;4,9;1336;15400023;https://www.wildberries.ru/catalog/15400023/detail.aspx?targetUrl=SP
Формула Игр;"Настольная игра для детей и семьи ""Я в деле""";878,0;3125,0;4,9;271;241099643;https://www.wildberries.ru/catalog/241099643/detail.aspx?targetUrl=SP
ДЕСЯТОЕ КОРОЛЕВСТВО;Настольная игра на ассоциации Иллюзориум;894,0;1591,0;4,7;399;330977776;https://www.wildberries.ru/catalog/330977776/detail.aspx?targetUrl=SP
BONACI KINDER;Настольная игра Баскетбол;899,0;3200,0;0,0;0;302536054;https://www.wildberries.ru/catalog/302536054/detail.aspx?targetUrl=SP
Wood Kubik;Настольные игры туми иши микс 12 подарок;908,0;4600,0;4,9;8836;17356605;https://www.wildberries.ru/catalog/17356605/detail.aspx?targetUrl=SP
ЛАС ИГРАС;Настольная игра для Детей и Взрослых Слово за словом;912,0;1200,0;4,7;317;286453719;https://www.wildberries.ru/catalog/286453719/detail.aspx?targetUrl=SP
Латко;Шахматы памяти развивающая настольная игра мемори;914,0;2110,0;4,9;2310;37512009;https://www.wildberries.ru/catalog/37512009/detail.aspx?targetUrl=SP
ArNa;Настольный хоккей вышибашки;917,0;5748,0;4,9;2994;152171134;https://www.wildberries.ru/catalog/152171134/detail.aspx?targetUrl=SP
BENJAWOOD;Настольная игра Дженга размер L 54бруска Бук+футляр;926,0;2300,0;4,9;11317;18486966;https://www.wildberries.ru/catalog/18486966/detail.aspx?targetUrl=SP
ИгрМания;Настольная игра Слово за Слово для всей семьи;931,0;3500,0;4,8;2355;288942530;https://www.wildberries.ru/catalog/288942530/detail.aspx?targetUrl=SP
GAME_HUB;Настольная игра для компании Из добра и палок;931,0;1750,0;5,0;1648;245096308;https://www.wildberries.ru/catalog/245096308/detail.aspx?targetUrl=SP
IzDereva;Настольные игры для детей от 3 лет 4 5 7. Для всей семьи;931,0;2850,0;4,9;2683;146720094;https://www.wildberries.ru/catalog/146720094/detail.aspx?targetUrl=SP
Zubro Games;Настольные игры для детей и компании взрослых;932,0;3720,0;5,0;7334;272507084;https://www.wildberries.ru/catalog/272507084/detail.aspx?targetUrl=SP
Простые правила;Настольная игра на устный счет «Минус-Плюс»;935,0;1599,0;4,8;31;74723416;https://www.wildberries.ru/catalog/74723416/detail.aspx?targetUrl=SP
Простые правила;Настольная игра Лото «Родной край»;935,0;1599,0;4,8;63;74727539;https://www.wildberries.ru/catalog/74727539/detail.aspx?targetUrl=SP
MOS TOYS;Настольная игра для детей шахматы мемо;939,0;2131,0;4,8;13152;254943868;https://www.wildberries.ru/catalog/254943868/detail.aspx?targetUrl=SP
КУБМАСТЕР.РУС;Игра в кальмара 2, самый полный набор;953,0;3300,0;4,6;167;329783916;https://www.wildberries.ru/catalog/329783916/detail.aspx?targetUrl=SP
Мемограм;Настольные игры для всей семьи Неизвестный абонент. смс;963,0;5136,0;4,8;7774;192634494;https://www.wildberries.ru/catalog/192634494/detail.aspx?targetUrl=SP
Всячина Games;Настольная игра для всей семьи, Похаваем;970,0;3648,0;4,8;6054;197670067;https://www.wildberries.ru/catalog/197670067/detail.aspx?targetUrl=SP
Cosmodrome Games;"Настольная игра ""Котэм сити""";977,0;1550,0;4,9;821;4927157;https://www.wildberries.ru/catalog/4927157/detail.aspx?targetUrl=SP
Origami;Узоры настольная игра для всей семьи подарок на 8 марта;983,0;1540,0;5,0;399;273990902;https://www.wildberries.ru/catalog/273990902/detail.aspx?targetUrl=SP
Krastoys;настольная игра магнитный бой деревянный для детей;988,0;2000,0;4,7;713;301959060;https://www.wildberries.ru/catalog/301959060/detail.aspx?targetUrl=SP
Хэппибанч;Настольная игра. Правда или действие!? Семейка;990,0;16283,0;4,9;127;11935466;https://www.wildberries.ru/catalog/11935466/detail.aspx?targetUrl=SP
Zubro Games;Настольные игры для детей и для компании взрослых;1000,0;2532,0;4,9;877;193370876;https://www.wildberries.ru/catalog/193370876/detail.aspx?targetUrl=SP
Hobby World;Настольная игра Подземелья и пёсики;1014,0;1842,0;4,9;109;238351771;https://www.wildberries.ru/catalog/238351771/detail.aspx?targetUrl=SP
Hobby World;Подземелье Царство Ледяной Ведьмы;1015,0;2226,0;5,0;87;238351700;https://www.wildberries.ru/catalog/238351700/detail.aspx?targetUrl=SP
Hobby World;Настольная игра для детей Три кота День страшилок;1015,0;1320,0;5,0;8;273384704;https://www.wildberries.ru/catalog/273384704/detail.aspx?targetUrl=SP
Hobby World;Настольная игра для всей семьи Зоопарк;1015,0;1572,0;5,0;15;263536215;https://www.wildberries.ru/catalog/263536215/detail.aspx?targetUrl=SP
Hobby World;Настольная карточная игра Гарри Поттер Оборотное зелье;1015,0;1484,0;4,8;152;238351783;https://www.wildberries.ru/catalog/238351783/detail.aspx?targetUrl=SP
Hobby World;Настольная карточная игра Fluxx Рик и Морти;1015,0;21377,0;5,0;179;238351695;https://www.wildberries.ru/catalog/238351695/detail.aspx?targetUrl=SP
Cosmodrome Games;"Настольная игра ""Имаджинариум. Ариадна"" (доп.набор)";1019,0;1490,0;5,0;12279;2737174;https://www.wildberries.ru/catalog/2737174/detail.aspx?targetUrl=SP
Простые правила;Настольная игра «Язык-Мурзык»;1020,0;1599,0;5,0;32;183718831;https://www.wildberries.ru/catalog/183718831/detail.aspx?targetUrl=SP
Птенчик;Настольная игра ходилка Ушастые гонки 2, Выдерни морковку;1023,0;2105,0;4,9;1901;154176427;https://www.wildberries.ru/catalog/154176427/detail.aspx?targetUrl=SP
Король и Пешка;Русское лото с деревянными бочонками для игры;1026,0;5400,0;4,9;119;225568459;https://www.wildberries.ru/catalog/225568459/detail.aspx?targetUrl=SP
Boggart Games;Настольная игра для компании Гарри Поттер мафия;1032,0;5030,0;4,8;1250;176297283;https://www.wildberries.ru/catalog/176297283/detail.aspx?targetUrl=SP
For Live;Нейро Игра на реакцию и внимание поймай палку;1033,0;1600,0;4,7;213;273481592;https://www.wildberries.ru/catalog/273481592/detail.aspx?targetUrl=SP
Cosmodrome Games;"Настольная игра в дорогу ""Имаджинариум.Сумчатый""";1036,0;1550,0;4,9;1329;4927159;https://www.wildberries.ru/catalog/4927159/detail.aspx?targetUrl=SP
LittPlay;"Настольные игры для детей ""Tapple""";1039,0;2850,0;4,5;64;283016568;https://www.wildberries.ru/catalog/283016568/detail.aspx?targetUrl=SP
Правильные игры;Настольная игра базовая Эволюция для взрослых, детей;1044,0;1992,0;4,9;2786;11049246;https://www.wildberries.ru/catalog/11049246/detail.aspx?targetUrl=SP
Всячина Games;Настольная игра для всей семьи, Похаваем 2;1074,0;3648,0;4,9;6054;285955559;https://www.wildberries.ru/catalog/285955559/detail.aspx?targetUrl=SP
Mary Ju;Набор корейских игр;1080,0;4000,0;4,6;24;343383173;https://www.wildberries.ru/catalog/343383173/detail.aspx?targetUrl=SP
Smart Baby;Настольная игра Рыбалка детская на батарейках;1084,0;3172,0;4,2;506;295631282;https://www.wildberries.ru/catalog/295631282/detail.aspx?targetUrl=SP
Wood Kubik;Настольные игры Балансир;1088,0;3113,0;4,9;1390;143352072;https://www.wildberries.ru/catalog/143352072/detail.aspx?targetUrl=SP
nail kingdom;Крестики нолики электронная головоломка;1101,0;2100,0;4,9;544;269967514;https://www.wildberries.ru/catalog/269967514/detail.aspx?targetUrl=SP
JAX;Настольная игра Sequence;1103,0;2200,0;4,9;119;175863214;https://www.wildberries.ru/catalog/175863214/detail.aspx?targetUrl=SP
Банда Умников;Проныры Настольная игра ходилка для детей и всей семьи;1131,0;2040,0;4,9;1284;10533578;https://www.wildberries.ru/catalog/10533578/detail.aspx?targetUrl=SP
IииIa-Get;Трансформационная игра Лила настольная игра;1140,0;10000,0;4,9;390;133925237;https://www.wildberries.ru/catalog/133925237/detail.aspx?targetUrl=SP
Logica;"Настольная игра для дома и путешествий ""Змеи и Лестницы""";1166,0;2790,0;5,0;143;244725487;https://www.wildberries.ru/catalog/244725487/detail.aspx?targetUrl=SP
Успокоитель;"Настольная игра для детей развивающая ""Ты справишься!""";1171,0;2300,0;4,8;1242;171983798;https://www.wildberries.ru/catalog/171983798/detail.aspx?targetUrl=SP
Успокоитель;"Настольная игра для детей ""Давай поболтаем"" развивающая";1190,0;2900,0;5,0;1242;261382311;https://www.wildberries.ru/catalog/261382311/detail.aspx?targetUrl=SP
ДЕСЯТОЕ КОРОЛЕВСТВО;Настольная игра для детей на реакцию Жадная акула;1203,0;2112,0;5,0;271;330977760;https://www.wildberries.ru/catalog/330977760/detail.aspx?targetUrl=SP
Авангард toys;Настольный футбол игра для детей;1205,0;2700,0;4,6;167;200283847;https://www.wildberries.ru/catalog/200283847/detail.aspx?targetUrl=SP
Veselo Games;Настольная игра с загубниками для детей и взрослых подарок;1212,0;3990,0;4,9;6175;231283296;https://www.wildberries.ru/catalog/231283296/detail.aspx?targetUrl=SP
Простые правила;Настольная игра «Словодыр. Гласные»;1231,0;5589,0;4,9;201;135703221;https://www.wildberries.ru/catalog/135703221/detail.aspx?targetUrl=SP
ИГРАТЕРРА;Игра для двоих подарок для пары 50 идей свиданий, 20 заданий;1237,0;3300,0;4,9;663;254506468;https://www.wildberries.ru/catalog/254506468/detail.aspx?targetUrl=SP
Латко;Звуковая память логопедическая деревянная мемори игра;1266,0;2924,0;5,0;716;158994660;https://www.wildberries.ru/catalog/158994660/detail.aspx?targetUrl=SP
Veselo Games;Настольная игра для детей и взрослых Ухахатбл;1273,0;3990,0;4,8;6175;307692163;https://www.wildberries.ru/catalog/307692163/detail.aspx?targetUrl=SP
Krastoys;Настольная игра монополия Гарри Поттер для детей и взрослых;1282,0;3000,0;4,6;3147;231634926;https://www.wildberries.ru/catalog/231634926/detail.aspx?targetUrl=SP
1Toy;Funlockets Шкатулка кристалл с секретами игровой набор;1285,0;3075,0;4,5;935;148522336;https://www.wildberries.ru/catalog/148522336/detail.aspx?targetUrl=SP
РадостныеИгры;Нейро игра на реакцию и внимание Поймай палку;1292,0;3400,0;4,7;303;210513708;https://www.wildberries.ru/catalog/210513708/detail.aspx?targetUrl=SP
Биплант;Развивающая игра в слова Эрудит Магнитный;1292,0;2657,0;4,9;938;12090427;https://www.wildberries.ru/catalog/12090427/detail.aspx?targetUrl=SP
MONOPOLY;Монополия Классическая, игра настольная;1299,0;3419,0;4,5;6008;252398038;https://www.wildberries.ru/catalog/252398038/detail.aspx?targetUrl=SP
Простые правила;Настольная игра «Времена года»;1301,0;2141,0;5,0;54;148401124;https://www.wildberries.ru/catalog/148401124/detail.aspx?targetUrl=SP
Жизнь Live;Настольная игра для компании взрослых Зацепи кольцо;1304,0;3700,0;4,6;96;151447092;https://www.wildberries.ru/catalog/151447092/detail.aspx?targetUrl=SP
Hobby World;Настольная карточная игра Свинтус 2.0;1322,0;1934,0;4,9;10280;151857553;https://www.wildberries.ru/catalog/151857553/detail.aspx?targetUrl=SP
Hobby World;Настольная карточная игра Бэнг!;1322,0;1513,0;5,0;1338;154757011;https://www.wildberries.ru/catalog/154757011/detail.aspx?targetUrl=SP
Hobby World;Настольная игра Бэнг! Меч Самурая;1323,0;27859,0;4,8;122;157378128;https://www.wildberries.ru/catalog/157378128/detail.aspx?targetUrl=SP
Hobby World;Настольная игра Черепашьи бега;1323,0;27853,0;4,9;236;152353570;https://www.wildberries.ru/catalog/152353570/detail.aspx?targetUrl=SP
GENDA;Настольная игра для всей семьи, детей и взрослых;1330,0;5000,0;4,9;38;273019571;https://www.wildberries.ru/catalog/273019571/detail.aspx?targetUrl=SP
Zubro Games;Настольные игры для детей и компании взрослых;1339,0;4895,0;4,9;1276;281568989;https://www.wildberries.ru/catalog/281568989/detail.aspx?targetUrl=SP
Smart Baby;Настольная игра Рыбалка детская на батарейках;1356,0;3172,0;4,3;506;277487682;https://www.wildberries.ru/catalog/277487682/detail.aspx?targetUrl=SP
Zubro Games;Настольные игры для детей и компании взрослых;1359,0;3974,0;4,9;1276;272516891;https://www.wildberries.ru/catalog/272516891/detail.aspx?targetUrl=SP
ABCdesign;"Настольная игра Арт-мемо ""Шедевры галереи искусства """;1362,0;8540,0;5,0;33;234778360;https://www.wildberries.ru/catalog/234778360/detail.aspx?targetUrl=SP
ДЕСЯТОЕ КОРОЛЕВСТВО;Настольная игра на ловкость Взрывной попкорн;1386,0;2465,0;5,0;271;330977735;https://www.wildberries.ru/catalog/330977735/detail.aspx?targetUrl=SP
Cosmodrome Games;"Настольная игра для семьи и компании ""Первый контакт""";1393,0;1890,0;4,9;250;6947954;https://www.wildberries.ru/catalog/6947954/detail.aspx?targetUrl=SP
Veselo Games;Настольная игра для всей семьи подарок;1394,0;3990,0;4,8;6175;286470625;https://www.wildberries.ru/catalog/286470625/detail.aspx?targetUrl=SP
Veselo Games;Настольная игра для детей и взрослых подарок;1394,0;3990,0;4,9;6175;122935805;https://www.wildberries.ru/catalog/122935805/detail.aspx?targetUrl=SP
;Настольный баскетбол игра;1398,0;23000,0;5,0;139;278912935;https://www.wildberries.ru/catalog/278912935/detail.aspx?targetUrl=SP
;настольная игра мафия с масками карты для детей и всей семьи;1424,0;2999,0;0,0;0;355014400;https://www.wildberries.ru/catalog/355014400/detail.aspx?targetUrl=SP
ABCdesign;Настольная игра Арт-мемо Конструктивизм Москвы;1427,0;8540,0;5,0;33;302361753;https://www.wildberries.ru/catalog/302361753/detail.aspx?targetUrl=SP
Cosmodrome Games;"Настольная игра для детей ""Имаджинариум Союзмультфильм 3.0""";1456,0;3090,0;4,9;16363;16624582;https://www.wildberries.ru/catalog/16624582/detail.aspx?targetUrl=SP
Iplay;Эмоциональный интеллект настольная игра для компании и семьи;1494,0;4370,0;5,0;2758;170230527;https://www.wildberries.ru/catalog/170230527/detail.aspx?targetUrl=SP
Cosmodrome Games;Имаджинариум Лайт настольная игра для семьи и друзей;1524,0;2090,0;4,9;900;122011254;https://www.wildberries.ru/catalog/122011254/detail.aspx?targetUrl=SP
Cosmodrome Games;"Настольная игра для семьи ""Индейцы.Расширенное издание""";1524,0;2090,0;4,9;400;26560655;https://www.wildberries.ru/catalog/26560655/detail.aspx?targetUrl=SP
Magellan;Настольная игра Зомби в доме;1527,0;32161,0;4,9;1143;152353527;https://www.wildberries.ru/catalog/152353527/detail.aspx?targetUrl=SP
Hobby World;Настольная игра Челюсти Семейная версия;1565,0;20595,0;0,0;0;172898652;https://www.wildberries.ru/catalog/172898652/detail.aspx?targetUrl=SP
Экивоки;Настольная игра для компании. Спойлер;1623,0;18034,0;4,9;905;11787266;https://www.wildberries.ru/catalog/11787266/detail.aspx?targetUrl=SP
Экивоки;Настольная игра Спойлер;1623,0;16431,0;4,9;314;10556673;https://www.wildberries.ru/catalog/10556673/detail.aspx?targetUrl=SP
Экивоки;Спойлер. Все звёзды. Настольная игра;1623,0;18034,0;4,9;905;241492474;https://www.wildberries.ru/catalog/241492474/detail.aspx?targetUrl=SP
;Набор для игры в маджонг подарочная коробка из дерева;1623,0;2670,0;4,4;372;330853035;https://www.wildberries.ru/catalog/330853035/detail.aspx?targetUrl=SP
Дело в шляпе;Детективный набор квест настольная игра;1645,0;4606,0;4,9;1110;233984055;https://www.wildberries.ru/catalog/233984055/detail.aspx?targetUrl=SP
Умелец я;Настольный футбол игра развивающая;1672,0;4314,0;4,8;1260;12290625;https://www.wildberries.ru/catalog/12290625/detail.aspx?targetUrl=SP
Простые правила;Настольная игра «Мультиум» на умножение;1676,0;3063,0;5,0;28;176984699;https://www.wildberries.ru/catalog/176984699/detail.aspx?targetUrl=SP
;Набор для игры в маджонг инструкция на русском 144 плитки;1766,0;3940,0;4,8;372;232553104;https://www.wildberries.ru/catalog/232553104/detail.aspx?targetUrl=SP
Джамбо тойз;Настольная игра детская Аэрохоккей;1780,0;4165,0;4,9;1194;52778594;https://www.wildberries.ru/catalog/52778594/detail.aspx?targetUrl=SP
ОБНИМИ;Настольная игра для всей семьи и компании ОбнимуЛи;1786,0;5000,0;5,0;31;282052474;https://www.wildberries.ru/catalog/282052474/detail.aspx?targetUrl=SP
Экономикус;Настольная игра, детективная. Письма призрака;1790,0;26170,0;4,9;506;34678852;https://www.wildberries.ru/catalog/34678852/detail.aspx?targetUrl=SP
Экономикус;Настольная игра. Письма призрака Зеркало Истины;1790,0;26170,0;4,8;506;203341586;https://www.wildberries.ru/catalog/203341586/detail.aspx?targetUrl=SP
Простые правила;Настольная игра «Насекомцы»;1792,0;3063,0;4,8;280;65514885;https://www.wildberries.ru/catalog/65514885/detail.aspx?targetUrl=SP
Шерлок Бум;Настольная игра детектив Убийство;1800,0;7500,0;4,8;29;299858290;https://www.wildberries.ru/catalog/299858290/detail.aspx?targetUrl=SP
Cosmodrome Games;"Настольная игра ""Имаджинариум Мультивселенная""";1825,0;2590,0;4,9;232;149252282;https://www.wildberries.ru/catalog/149252282/detail.aspx?targetUrl=SP
Экивоки;Настольная игра. Пижамная вечеринка;1827,0;20033,0;4,9;657;17337545;https://www.wildberries.ru/catalog/17337545/detail.aspx?targetUrl=SP
Стиль Жизни;Коварный волк настольная игра-детектив для детей от 7 лет;1827,0;2404,0;4,9;1507;126770121;https://www.wildberries.ru/catalog/126770121/detail.aspx?targetUrl=SP
Стиль Жизни;Коварный лис Настольная игра для детей и всей семьи;1827,0;2531,0;4,9;15301;132314843;https://www.wildberries.ru/catalog/132314843/detail.aspx?targetUrl=SP
Hobby World;Настольная игра Крагморта (3-е рус . изд.);1835,0;38642,0;5,0;70;152353538;https://www.wildberries.ru/catalog/152353538/detail.aspx?targetUrl=SP
Hobby World;Игра Волшебник Изумрудного города Большое путешествие;1835,0;2356,0;5,0;3;306162214;https://www.wildberries.ru/catalog/306162214/detail.aspx?targetUrl=SP
Простые правила;Настольная игра «Движ» на формулу движения;1862,0;3063,0;4,7;20;176984448;https://www.wildberries.ru/catalog/176984448/detail.aspx?targetUrl=SP
Cosmodrome Games;"Настольная игра для семьи ""Капиталия стихийное королевство""";1911,0;5590,0;4,9;14;193665170;https://www.wildberries.ru/catalog/193665170/detail.aspx?targetUrl=SP
Простые правила;Настольная игра для детей на моторику «Прыгля»;1937,0;3445,0;5,0;280;91183362;https://www.wildberries.ru/catalog/91183362/detail.aspx?targetUrl=SP
ACROHOME;Настольная игра TETRAPAZE;1949,0;9500,0;4,9;23;300786639;https://www.wildberries.ru/catalog/300786639/detail.aspx?targetUrl=SP
Cosmodrome Games;"Настольная игра ""Бродячая ярмарка Дзебана""";1950,0;3290,0;4,7;16;189981324;https://www.wildberries.ru/catalog/189981324/detail.aspx?targetUrl=SP
Экивоки;Настольная игра для всей семьи. для друзей;2031,0;22270,0;5,0;324;15660837;https://www.wildberries.ru/catalog/15660837/detail.aspx?targetUrl=SP
Незаржи;Настольная игра для компании Гадость или Пакость;2031,0;4276,0;5,0;2354;342585372;https://www.wildberries.ru/catalog/342585372/detail.aspx?targetUrl=SP
Cosmodrome Games;"Настольная игра для детей и семьи ""Имаджинариум. Детство""";2035,0;2790,0;4,9;16363;3430198;https://www.wildberries.ru/catalog/3430198/detail.aspx?targetUrl=SP
Cosmodrome Games;"Настольная игра на ассоциации ""Имаджинариум."" (базовая)";2035,0;2790,0;5,0;16363;2737172;https://www.wildberries.ru/catalog/2737172/detail.aspx?targetUrl=SP
Cosmodrome Games;"Настольная игра на ассоциации ""Имаджинариум Добро""";2035,0;2790,0;5,0;16363;6947956;https://www.wildberries.ru/catalog/6947956/detail.aspx?targetUrl=SP
Cosmodrome Games;"Настольная игра на ассоциации ""Имаджинариум.Страшилки""";2035,0;2790,0;4,9;16363;54390748;https://www.wildberries.ru/catalog/54390748/detail.aspx?targetUrl=SP
Hobby World;Настольная игра Как победить дракона;2040,0;2588,0;5,0;18;273922391;https://www.wildberries.ru/catalog/273922391/detail.aspx?targetUrl=SP
Hobby World;Лига детективов Новые миры;2040,0;2652,0;4,9;10;238351745;https://www.wildberries.ru/catalog/238351745/detail.aspx?targetUrl=SP
Magellan;Настольная игра Шакал (базовая версия);2040,0;2261,0;4,9;609;152353478;https://www.wildberries.ru/catalog/152353478/detail.aspx?targetUrl=SP
Hobby World;Настольная игра Каркассон;2040,0;2335,0;4,9;2196;152304970;https://www.wildberries.ru/catalog/152304970/detail.aspx?targetUrl=SP
Hobby World;Настольная игра Госу Х;2040,0;21476,0;5,0;9;238351754;https://www.wildberries.ru/catalog/238351754/detail.aspx?targetUrl=SP
NIKA;"Монополия настольная игра про СВО ""Спецоперация на Окраине""";2048,0;3500,0;4,7;317;285874547;https://www.wildberries.ru/catalog/285874547/detail.aspx?targetUrl=SP
Правильные игры;Однажды в Чикаго Детективная настольная игра 4 дела;2050,0;3254,0;4,9;530;85627139;https://www.wildberries.ru/catalog/85627139/detail.aspx?targetUrl=SP
;Настольный футбол большой мальчику и для детей игра;2051,0;4999,0;4,8;158;252667931;https://www.wildberries.ru/catalog/252667931/detail.aspx?targetUrl=SP
Cosmodrome Games;"Настольная игра для семьи и компании ""Что, если.?""";2213,0;3990,0;5,0;16;195964159;https://www.wildberries.ru/catalog/195964159/detail.aspx?targetUrl=SP
Cosmodrome Games;"Игра-квест ""Клаустрофобия Пробуждение""";2274,0;3150,0;4,9;157;9114349;https://www.wildberries.ru/catalog/9114349/detail.aspx?targetUrl=SP
Cosmodrome Games;"Настольная игра для компании ""Имаджинариум Кино""";2348,0;3090,0;4,9;16363;133855962;https://www.wildberries.ru/catalog/133855962/detail.aspx?targetUrl=SP
doJoy;Настольная игра Ухты-Пухты с кинетическим песком развивающая;2485,0;3555,0;5,0;61;226000731;https://www.wildberries.ru/catalog/226000731/detail.aspx?targetUrl=SP
Простые правила;Настольная игра «Территория»;2492,0;4260,0;4,8;25;63487518;https://www.wildberries.ru/catalog/63487518/detail.aspx?targetUrl=SP
MONOPOLY;Настольная игра Монополия Барби на русском языке;2499,0;21922,0;4,8;822;266743301;https://www.wildberries.ru/catalog/266743301/detail.aspx?targetUrl=SP
Экивоки;Настольная игра для вечеринки. Штука. Другие миры;2541,0;55724,0;4,8;932;44743994;https://www.wildberries.ru/catalog/44743994/detail.aspx?targetUrl=SP
Экивоки;Штука. Красивая и веселая настольная игра;2541,0;30395,0;4,9;932;11787209;https://www.wildberries.ru/catalog/11787209/detail.aspx?targetUrl=SP
Экивоки;Настольная игра для всей семьи. Волшебная Штука;2541,0;66869,0;4,9;932;186644269;https://www.wildberries.ru/catalog/186644269/detail.aspx?targetUrl=SP
Джамбо тойз;Настольная игра детская Аэрохоккей;2543,0;5949,0;4,7;1194;50277629;https://www.wildberries.ru/catalog/50277629/detail.aspx?targetUrl=SP
Hobby World;Настольная игра Парадокс;2552,0;3019,0;5,0;11;307464009;https://www.wildberries.ru/catalog/307464009/detail.aspx?targetUrl=SP
;"Большой маджонг крупные плитки ""30"" инструкция на русском";2568,0;4898,0;5,0;372;269143060;https://www.wildberries.ru/catalog/269143060/detail.aspx?targetUrl=SP
FrotorSPLA;Настольный Футбол;2682,0;13075,0;4,7;380;33058417;https://www.wildberries.ru/catalog/33058417/detail.aspx?targetUrl=SP
Экивоки;Настольная игра. для всей семьи;2847,0;37461,0;4,9;1502;11787267;https://www.wildberries.ru/catalog/11787267/detail.aspx?targetUrl=SP
Экивоки;Настольная игра для компании. (3-е издание);2847,0;37461,0;4,9;1502;19341393;https://www.wildberries.ru/catalog/19341393/detail.aspx?targetUrl=SP
Veselo Games;"Настольная игра для компании детей и взрослых ""Контакты""";2993,0;4190,0;4,9;57;292709879;https://www.wildberries.ru/catalog/292709879/detail.aspx?targetUrl=SP
MONOPOLY;Игра настольная Монополия КХЛ;2999,0;23213,0;4,9;822;16873936;https://www.wildberries.ru/catalog/16873936/detail.aspx?targetUrl=SP
MONOPOLY;Настольная игра Монополия Рик и Морти;2999,0;28187,0;4,9;822;113970588;https://www.wildberries.ru/catalog/113970588/detail.aspx?targetUrl=SP
MONOPOLY;Игра настольная Монополия Наруто аниме на русском языке;2999,0;28187,0;4,8;822;257359538;https://www.wildberries.ru/catalog/257359538/detail.aspx?targetUrl=SP
MONOPOLY;Игра настольная Монополия СССР;2999,0;23213,0;4,8;822;44225313;https://www.wildberries.ru/catalog/44225313/detail.aspx?targetUrl=SP
Orange Game;Настольная игра Гвинт;3022,0;4380,0;4,8;390;182437356;https://www.wildberries.ru/catalog/182437356/detail.aspx?targetUrl=SP
Hobby World;Настольная игра Время Валеры;3065,0;7014,0;4,6;11;172898672;https://www.wildberries.ru/catalog/172898672/detail.aspx?targetUrl=SP
Magellan;Настольная игра Шакал Остров сокровищ;3065,0;64535,0;4,9;609;152353482;https://www.wildberries.ru/catalog/152353482/detail.aspx?targetUrl=SP
Авангард toys;Настольный аэрохоккей и футбол игра;3277,0;6900,0;4,8;831;95763106;https://www.wildberries.ru/catalog/95763106/detail.aspx?targetUrl=SP
Leela Pro;Игра Лила трансформационная;3580,0;11777,0;4,9;860;98862011;https://www.wildberries.ru/catalog/98862011/detail.aspx?targetUrl=SP
Memoriz;Настольная игра Балансир Мини Balansave;3591,0;6750,0;4,9;68;309805102;https://www.wildberries.ru/catalog/309805102/detail.aspx?targetUrl=SP
Leela Pro;Лила Игра трансформационная;3594,0;11000,0;5,0;860;324964841;https://www.wildberries.ru/catalog/324964841/detail.aspx?targetUrl=SP
Leela Pro;Игра Лила трансформационная;3853,0;13000,0;4,8;860;200290651;https://www.wildberries.ru/catalog/200290651/detail.aspx?targetUrl=SP
HOBBY DAY;Настольный футбол Подарок мальчику Игра детская Новый год;3864,0;11556,0;4,9;331;48955079;https://www.wildberries.ru/catalog/48955079/detail.aspx?targetUrl=SP
Hobby World;Настольная игра Тундра;4090,0;8788,0;5,0;9;277055744;https://www.wildberries.ru/catalog/277055744/detail.aspx?targetUrl=SP
AltGames;Трансформационная игра Таро, тканевое поле;4945,0;9990,0;4,9;32;251864490;https://www.wildberries.ru/catalog/251864490/detail.aspx?targetUrl=SP
AltGames;Трансформационная игра Таро-Путь жизни, картонное поле;5066,0;12990,0;4,9;32;185019987;https://www.wildberries.ru/catalog/185019987/detail.aspx?targetUrl=SP
